[{"title":"在JavaScript中模拟接口","date":"2017-07-04T02:56:18.000Z","path":"2017/07/04/在JavaScript中模拟接口/","tags":[{"name":"javascript","slug":"javascript","permalink":"http://skyvoid.com/tags/javascript/"},{"name":"接口","slug":"接口","permalink":"http://skyvoid.com/tags/接口/"},{"name":"设计模式","slug":"设计模式","permalink":"http://skyvoid.com/tags/设计模式/"}]},{"title":"solrcloud搭建记录","date":"2017-05-10T02:22:54.000Z","path":"2017/05/10/solrcloud搭建记录/","tags":[{"name":"solr","slug":"solr","permalink":"http://skyvoid.com/tags/solr/"},{"name":"zookeeper","slug":"zookeeper","permalink":"http://skyvoid.com/tags/zookeeper/"},{"name":"solrcloud","slug":"solrcloud","permalink":"http://skyvoid.com/tags/solrcloud/"},{"name":"搭建","slug":"搭建","permalink":"http://skyvoid.com/tags/搭建/"}]}]